{"DaPigGuy\\PiggyCustomEnchants\\libs\\jojoe77777\\FormAPI":{"name":"libFormAPI","author":"jojoe77777","api":"3.2.0","version":"1.3.0","antigen":"jojoe77777\\FormAPI","build":{"builder":"PoggitCI\/1.0-beta\/beta poggit-virion\/1.0","builderName":"poggit","buildTime":"2019-03-30T11:00:43+00:00","poggitBuildId":57511,"buildClass":"Dev","projectId":4250,"projectBuildNumber":2,"fromCommit":"eb857f01f06c39de4dac32043ca03632672575f5","poggitResourceId":54590}},"DaPigGuy\\PiggyCustomEnchants\\libs\\CortexPE\\Commando":{"name":"Commando","antigen":"CortexPE\\Commando","api":"3.0.0","version":"2.1.1","author":"CortexPE","build":{"builder":"PoggitCI\/1.0-beta\/beta poggit-virion\/1.0","builderName":"poggit","buildTime":"2020-06-05T19:19:41+00:00","poggitBuildId":80530,"buildClass":"Dev","projectId":6805,"projectBuildNumber":19,"fromCommit":"a0ffb20b48d601897f5797bae6e267f2c6f7f3cf","poggitResourceId":90805}}}